<?xml version="1.0" encoding="UTF-8"?>
<beans:beans xmlns:beans="http://www.springframework.org/schema/beans"
	xmlns:xsi="http://www.w3.org/2001/XMLSchema-instance"
	xmlns:context="http://www.springframework.org/schema/context" 
	xmlns:p="http://www.springframework.org/schema/p"
	xmlns:c="http://www.springframework.org/schema/c"	
	xmlns:tx="http://www.springframework.org/schema/tx"
	xsi:schemaLocation="http://www.springframework.org/schema/beans  
						http://www.springframework.org/schema/beans/spring-beans-4.3.xsd  
						http://www.springframework.org/schema/context  
						http://www.springframework.org/schema/context/spring-context-4.3.xsd						
						http://www.springframework.org/schema/util  
						http://www.springframework.org/schema/util/spring-util-4.3.xsd
						http://www.springframework.org/schema/tx
						http://www.springframework.org/schema/tx/spring-tx-4.3.xsd"> 
						

	<context:component-scan base-package="com.abhyudayatrust.services"/>					
				
	<beans:bean id="userDao" class="com.abhyudayatrust.data.dao.UserDao"/>
	<beans:bean id="roleDao" class="com.abhyudayatrust.data.dao.RoleDao"/>
	<beans:bean id="attendanceDao" class="com.abhyudayatrust.data.dao.AttendanceDao"/>
	
	<tx:
	<tx:annotation-driven transaction-manager="transactionManager"/>
	
	<bean id="transactionManager" class="org.springframework.jdbc.datasource.DataSourceTransactionManager">
		<property name="dataSource" ref="dataSource" />
	</bean>
	
</beans:beans>						