{
	"emps": [
    {
      "empId": "EMP001", 
      "name": "Sobhen Mishra", 
      "dateOfJoining":"10-07-2013", 
      "dept":{
      		"deptName":"IT"	
      	}
    },
     {
      "empId": "EMP002", 
      "name": "John", 
      "dateOfJoining":"23-09-2014", 
      "dept":{
      		"deptName":"HR"	
      	}
    }
  ],	
  "posts": [
    {
      "id": 1,
      "title": "json-server",
      "author": "typicode"
    }
  ],
  "comments": [
    {
      "id": 1,
      "body": "some comment",
      "postId": 1
    }
  ],
  "profile": {
    "name": "typicode"
  }
}