<?xml version="1.0" encoding="UTF-8"?>
<beans:beans xmlns:beans="http://www.springframework.org/schema/beans"
	xmlns:xsi="http://www.w3.org/2001/XMLSchema-instance"
	xmlns:context="http://www.springframework.org/schema/context" 
	xmlns:security="http://www.springframework.org/schema/security"	
	xsi:schemaLocation="http://www.springframework.org/schema/beans  
						http://www.springframework.org/schema/beans/spring-beans-4.2.xsd  
						http://www.springframework.org/schema/context  
						http://www.springframework.org/schema/context/spring-context-4.2.xsd						
						http://www.springframework.org/schema/security  
						http://www.springframework.org/schema/security/spring-security-4.1.xsd"> 
	
		<security:http>
			<security:form-login login-page="/login"/>
		</security:http>
		
		<security:authentication-manager>
			<security:authentication-provider user-service-ref="">
				<security:password-encoder ref="pbkdf2PasswordEncoder"/>
				
			</security:authentication-provider>
		</security:authentication-manager>
		
		<beans:bean id="pbkdf2PasswordEncoder" class="org.springframework.security.crypto.password.Pbkdf2PasswordEncoder"/>
</beans:beans>						