<?xml version="1.0" encoding="UTF-8"?>
<beans:beans xmlns:beans="http://www.springframework.org/schema/beans"
	xmlns:xsi="http://www.w3.org/2001/XMLSchema-instance"
	xmlns:context="http://www.springframework.org/schema/context" 
	xmlns:p="http://www.springframework.org/schema/p"
	xmlns:c="http://www.springframework.org/schema/c"	
	xmlns:mvc="http://www.springframework.org/schema/mvc"
	xsi:schemaLocation="http://www.springframework.org/schema/beans  
						http://www.springframework.org/schema/beans/spring-beans-4.3.xsd  
						http://www.springframework.org/schema/context  
						http://www.springframework.org/schema/context/spring-context-4.3.xsd						
						http://www.springframework.org/schema/util  
						http://www.springframework.org/schema/util/spring-util-4.3.xsd
						http://www.springframework.org/schema/mvc
						http://www.springframework.org/schema/mvc/spring-mvc-4.3.xsd"> 
						
	<mvc:resources location="/resources/" mapping="/resources/**"></mvc:resources>
	<mvc:annotation-driven />

	<context:component-scan base-package="com.abhyudayatrust.web.controllers"></context:component-scan>
	
	

	<!-- <beans:bean
		class="org.springframework.web.servlet.view.InternalResourceViewResolver">
		<beans:property name="prefix" value="/WEB-INF/views/" />
		<beans:property name="suffix" value=".jsp" />
	</beans:bean> -->
	
	<beans:bean id="tilesViewResolver" class="org.springframework.web.servlet.view.UrlBasedViewResolver">
		<beans:property name="viewClass" value="org.springframework.web.servlet.view.tiles3.TilesView" />		
	</beans:bean>

	<beans:bean id="tilesConfigurer" class="org.springframework.web.servlet.view.tiles3.TilesConfigurer">
		<beans:property name="definitions">
			<beans:list>
				<beans:value>/WEB-INF/tiles-layout.xml</beans:value>				
			</beans:list>
		</beans:property>
	</beans:bean>
		
</beans:beans>						