<?xml version='1.0' encoding='utf-8'?>
<!DOCTYPE hibernate-configuration PUBLIC
        "-//Hibernate/Hibernate Configuration DTD//EN"
        "http://www.hibernate.org/dtd/hibernate-configuration-3.0.dtd">
		
<hibernate-configuration>

	<session-factory>
			
		<property name="hibernate.dialect">org.hibernate.dialect.PostgreSQL94Dialect</property>
		<property name="hibernate.connection.datasource">java:jboss/datasources/ABHYUDAYATRUSTDB</property>
		
		<property name="hibernate.session_factory_name">java:jboss/hibernate/SessionFactory</property>
		
		<property name="hibernate.current_session_context_class">jta</property>
		<property name="hibernate.transaction.coordinator_class">jta</property>
		<property name="hibernate.transaction.jta.platform">
			org.hibernate.engine.transaction.jta.platform.internal.JBossAppServerJtaPlatform
		</property>
		
		
		
		<property name="hibernate.show_sql">true</property>
		<property name="hibernate.format_sql">true</property>
		<property name="hibernate.use_sql_comments">true</property>
		
		
		
		
		<mapping class="com.abhyudayatrust.data.entities.Role"/>
		<mapping class="com.abhyudayatrust.data.entities.User"/>
		<mapping class="com.abhyudayatrust.data.entities.Menu"/>
		<mapping class="com.abhyudayatrust.data.entities.SubMenu"/>
		<mapping class="com.abhyudayatrust.data.entities.Page"/>
		<mapping class="com.abhyudayatrust.data.entities.PageFunction"/>
		
		<mapping class="com.abhyudayatrust.data.entities.Address"/>
		<mapping class="com.abhyudayatrust.data.entities.Attendance"/>
		<mapping class="com.abhyudayatrust.data.entities.Employee"/>
		
	</session-factory>
	
</hibernate-configuration>		