<?xml version="1.0" encoding="UTF-8"?>
<jboss-deployment-structure>
	<deployment>
		<exclusions>
			<module name="javaee.api" />
			<module name="javax.persistence.api" />
			<module name="org.hibernate" />			 
			<module name="org.jboss.logging" />
		</exclusions>
		<dependencies>
			<module name="javax.persistence.api" slot="2.1" />
			<module name="org.jboss.logging" slot="3.2.0" />

			<module name="javax.activation.api" export="true" />
			<module name="javax.annotation.api" export="true" />
			<module name="javax.ejb.api" export="true" />
			<module name="javax.el.api" export="true" />
			<module name="javax.enterprise.api" export="true" />
			<module name="javax.enterprise.deploy.api" export="true" />
			<module name="javax.inject.api" export="true" />
			<module name="javax.interceptor.api" export="true" />
			<module name="javax.jms.api" export="true" />
			<module name="javax.jws.api" export="true" />
			<module name="javax.mail.api" export="true" />
			<module name="javax.management.j2ee.api" export="true" />
			<!-- <module name="javax.persistence.api" export="true"/> -->
			<module name="javax.resource.api" export="true" />
			<module name="javax.rmi.api" export="true" />
			<module name="javax.security.auth.message.api" export="true" />
			<module name="javax.security.jacc.api" export="true" />
			<module name="javax.servlet.api" export="true" />
			<module name="javax.servlet.jsp.api" export="true" />
			<module name="javax.transaction.api" export="true" />
			<module name="javax.validation.api" export="true" />
			<module name="javax.ws.rs.api" export="true" services="export" />
			<module name="javax.xml.bind.api" export="true" />
			<module name="javax.xml.registry.api" export="true" />
			<module name="javax.xml.soap.api" export="true" />
			<module name="javax.xml.ws.api" export="true" />

			<!-- This one always goes last. -->
			<module name="javax.api" export="true" />
		</dependencies>
	</deployment>
</jboss-deployment-structure>